<?xml version="1.0" encoding="UTF-8"?>
<project-private xmlns="http://www.netbeans.org/ns/project-private/1">
    <editor-bookmarks xmlns="http://www.netbeans.org/ns/editor-bookmarks/2" lastBookmarkId="0"/>
    <open-files xmlns="http://www.netbeans.org/ns/projectui-open-files/2">
        <group>
            <file>file:/D:/TRABAJOS%20NIKOLL/2023/Ejercicio%2013-08/Ejercicio%2013-08/ProgramaAcademico/src/Class/Colegio/Matricula.java</file>
            <file>file:/D:/TRABAJOS%20NIKOLL/2023/Ejercicio%2013-08/Ejercicio%2013-08/ProgramaAcademico/src/Class/RendimientoAcademico/Alumno.java</file>
            <file>file:/D:/TRABAJOS%20NIKOLL/2023/Ejercicio%2013-08/Ejercicio%2013-08/ProgramaAcademico/src/Class/Colegio/Notas.java</file>
            <file>file:/D:/TRABAJOS%20NIKOLL/2023/Ejercicio%2013-08/Ejercicio%2013-08/ProgramaAcademico/src/Mostrar/MatriculaView.java</file>
        </group>
    </open-files>
</project-private>
