<?xml version="1.0" encoding="UTF-8"?>
<project-private xmlns="http://www.netbeans.org/ns/project-private/1">
    <editor-bookmarks xmlns="http://www.netbeans.org/ns/editor-bookmarks/2" lastBookmarkId="0"/>
    <open-files xmlns="http://www.netbeans.org/ns/projectui-open-files/2">
        <group>
            <file>file:/C:/Users/JuanDa/Documents/ADSO/Carpeta_trabajos_sql_y_netbeans/TiendaOnline/src/Conexion/Configuracion.java</file>
            <file>file:/C:/Users/JuanDa/Documents/ADSO/Carpeta_trabajos_sql_y_netbeans/TiendaOnline/src/Model/Entity/Producto.java</file>
            <file>file:/C:/Users/JuanDa/Documents/ADSO/Carpeta_trabajos_sql_y_netbeans/TiendaOnline/src/View/ProductoV.java</file>
            <file>file:/C:/Users/JuanDa/Documents/ADSO/Carpeta_trabajos_sql_y_netbeans/TiendaOnline/src/Conexion/Conexion.java</file>
            <file>file:/C:/Users/JuanDa/Documents/ADSO/Carpeta_trabajos_sql_y_netbeans/TiendaOnline/src/Model/Interfase/Accion.java</file>
            <file>file:/C:/Users/JuanDa/Documents/ADSO/Carpeta_trabajos_sql_y_netbeans/TiendaOnline/src/Controller/ProductoC.java</file>
        </group>
    </open-files>
</project-private>
