<?xml version="1.0" encoding="UTF-8"?>
<project-private xmlns="http://www.netbeans.org/ns/project-private/1">
    <editor-bookmarks xmlns="http://www.netbeans.org/ns/editor-bookmarks/2" lastBookmarkId="0"/>
    <open-files xmlns="http://www.netbeans.org/ns/projectui-open-files/2">
        <group>
            <file>file:/F:/TRABAJOS%20NIKOLL/2023/Premio%20sesión-%2023-07/PREMIO/src/premio/Rango.java</file>
            <file>file:/F:/TRABAJOS%20NIKOLL/2023/Premio%20sesión-%2023-07/PREMIO/src/premio/ParImpar.java</file>
            <file>file:/F:/TRABAJOS%20NIKOLL/2023/Premio%20sesión-%2023-07/PREMIO/src/premio/PositivoNegativo.java</file>
            <file>file:/F:/TRABAJOS%20NIKOLL/2023/Premio%20sesión-%2023-07/PREMIO/src/premio/RangoParImpar.java</file>
            <file>file:/F:/TRABAJOS%20NIKOLL/2023/Premio%20sesión-%2023-07/PREMIO/src/premio/ComparadorNumero.java</file>
            <file>file:/F:/TRABAJOS%20NIKOLL/2023/Premio%20sesión-%2023-07/PREMIO/src/premio/ValorAbsoluto.java</file>
            <file>file:/F:/TRABAJOS%20NIKOLL/2023/Premio%20sesión-%2023-07/PREMIO/src/premio/Mayor200.java</file>
            <file>file:/F:/TRABAJOS%20NIKOLL/2023/Premio%20sesión-%2023-07/PREMIO/src/premio/CuadradoMayor.java</file>
            <file>file:/F:/TRABAJOS%20NIKOLL/2023/Premio%20sesión-%2023-07/PREMIO/src/premio/ParImparPositivoNegativo.java</file>
            <file>file:/F:/TRABAJOS%20NIKOLL/2023/Premio%20sesión-%2023-07/PREMIO/src/premio/Mayor5.java</file>
        </group>
    </open-files>
</project-private>
