<?xml version="1.0" encoding="UTF-8"?>
<project-private xmlns="http://www.netbeans.org/ns/project-private/1">
    <editor-bookmarks xmlns="http://www.netbeans.org/ns/editor-bookmarks/2" lastBookmarkId="0"/>
    <open-files xmlns="http://www.netbeans.org/ns/projectui-open-files/2">
        <group>
            <file>file:/D:/TRABAJOS%20NIKOLL/2023/Sesión%20-%2030-07/ParImpares/src/Class/NumeroReal.java</file>
            <file>file:/D:/TRABAJOS%20NIKOLL/2023/Sesión%20-%2030-07/ParImpares/src/View/Mostrar.java</file>
        </group>
    </open-files>
</project-private>
