<?xml version="1.0" encoding="UTF-8"?>
<project-private xmlns="http://www.netbeans.org/ns/project-private/1">
    <editor-bookmarks xmlns="http://www.netbeans.org/ns/editor-bookmarks/2" lastBookmarkId="0"/>
    <open-files xmlns="http://www.netbeans.org/ns/projectui-open-files/2">
        <group>
            <file>file:/C:/Users/JuanDa/Documents/ADSO/Paises/src/Model/Entity/estado.java</file>
            <file>file:/C:/Users/JuanDa/Documents/ADSO/Paises/src/View/estadoV.java</file>
            <file>file:/C:/Users/JuanDa/Documents/ADSO/Paises/src/Controller/estadoC.java</file>
            <file>file:/C:/Users/JuanDa/Documents/ADSO/Paises/src/Conexion/Configuracion.java</file>
            <file>file:/C:/Users/JuanDa/Documents/ADSO/Paises/src/Model/Entity/ciudad.java</file>
            <file>file:/C:/Users/JuanDa/Documents/ADSO/Paises/src/Model/Entity/continentes.java</file>
            <file>file:/C:/Users/JuanDa/Documents/ADSO/Paises/src/Controller/ciudadC.java</file>
            <file>file:/C:/Users/JuanDa/Documents/ADSO/Paises/src/Controller/paisC.java</file>
            <file>file:/C:/Users/JuanDa/Documents/ADSO/Paises/src/View/ContinentesV1.java</file>
            <file>file:/C:/Users/JuanDa/Documents/ADSO/Paises/src/Model/Entity/pais.java</file>
            <file>file:/C:/Users/JuanDa/Documents/ADSO/Paises/src/View/ciudadV.java</file>
            <file>file:/C:/Users/JuanDa/Documents/ADSO/Paises/src/Controller/continentesC.java</file>
            <file>file:/C:/Users/JuanDa/Documents/ADSO/Paises/src/View/paisV.java</file>
        </group>
    </open-files>
</project-private>
